Title,Year Released,Seasons,Platform,Availability,Alternatives,Movie/Web-series
1 Happy Family USA,2025,2.0,Amazon Prime Video,0.0,0,WS
10 Minutes No Khabrein,2025,1.0,Jio Hotstar,0.0,0,WS
"50,000 First Dates: A True Story",2025,1.0,Amazon Prime Video,0.0,0,WS
A Knight of the Seven Kingdoms: The Hedge Knight,2025,1.0,No Information,0.0,No Information,WS
A Thousand Blows,2025,1.0,JioHotstar,0.0,0,WS
Adolescence,2025,1.0,Netflix,0.0,0,WS
Agra Affair,2025,1.0,MX Player,0.0,Amazon MX Player for free with ads,WS
Aitana: Metamorphosis,2025,1.0,Netflix,0.0,0,WS
Alien: Earth,2025,1.0,No Information,0.0,No Information,WS
All's Fair,2025,1.0,No Information,0.0,No Information,WS
Ameku M.D.: Doctor Detective,2025,1.0,Crunchyroll,0.0,Crunchyroll Amazon Channel or for free with ads on Crunchyroll,WS
American Manhunt: O.J. Simpson,2025,1.0,Netflix,0.0,0,WS
American Manhunt: Osama bin Laden,2025,1.0,Not available for streaming,0.0,0,WS
American Murder: Gabby Petito,2025,1.0,Netflix,0.0,0,WS
American Primeval,2025,1.0,Netflix,0.0,0,WS
An Update on Our Family,2025,1.0,JioHotstar,0.0,0,WS
"Anyway, I'm Falling in Love with You.",2025,1.0,Crunchyroll,0.0,Crunchyroll Amazon Channel or for free with ads on Crunchyroll,WS
Apple Cider Vinegar,2025,1.0,Netflix,0.0,0,WS
AQUARION Myth of Emotions,2025,1.0,Crunchyroll,0.0,Crunchyroll Amazon Channel,WS
Asterix & Obelix: The Big Fight,2025,1.0,Netflix,0.0,0,WS
Asura,2025,1.0,Netflix,0.0,0,WS
Babanba Banban Vampire,2025,1.0,Netflix,0.0,0,WS
Bad Influence: The Dark Side of Kidfluencing,2025,1.0,Netflix,0.0,0,WS
BanG Dream! Ave Mujica,2025,1.0,Not available for streaming,0.0,0,WS
Baylen Out Loud,2025,2.0,Discovery+,0.0,Discovery+ Amazon Channel,WS
Be@rbrick,2025,1.0,Apple TV+,0.0,0,WS
Beheneko: The Elf-Girl's Cat Is Secretly an S-Ranked Monster!,2025,1.0,Not available for streaming,0.0,0,WS
Berlin ER,2025,1.0,Apple TV+,0.0,0,WS
Bet Your Life,2025,1.0,Netflix,0.0,0,WS
Betting on Paradise,2025,1.0,Not available for streaming,0.0,0,WS
Beyond the Gates,2025,1.0,Not available for streaming,0.0,0,WS
Bianca by Night,2025,1.0,Not available for streaming,0.0,0,WS
Bishohori,2025,1.0,Hoichoi,0.0,Hoichoi Amazon Channel,WS
Black Rabbit,2025,1.0,Netflix,0.0,No Information,WS
Black Warrant,2025,1.0,Netflix,0.0,0,WS
Blade Runner 2099,2025,1.0,Amazon Prime Video,0.0,No Information,WS
Blippi's Job Show,2025,1.0,Netflix,0.0,0,WS
Blue Exorcist -The Blue Night Saga-,2025,1.0,Anime Times Amazon Channel,0.0,0,WS
Bogus Skill Â«FruitmasterÂ» ~About that time I became able to eat unlimited numbers of Skill Fruits (that kill you)~,2025,1.0,Crunchyroll,0.0,Crunchyroll Amazon Channel or for free with ads on Crunchyroll,WS
Burden of Guilt,2025,1.0,Not available for streaming,0.0,0,WS
Buried Hearts,2025,1.0,JioHotstar,0.0,0,WS
Calleja en el espacio,2025,1.0,Amazon Prime Video,0.0,0,WS
Carl Weber's The Family Business: New Orleans,2025,1.0,Not available for streaming,0.0,0,WS
Carlos Alcaraz: My Way,2025,1.0,Netflix,0.0,0,WS
CarÃªme,2025,1.0,Apple TV+,0.0,0,WS
Cassandra,2025,1.0,Netflix,0.0,0,WS
Caught,2025,1.0,Netflix,0.0,0,WS
Celebrity Bear Hunt,2025,1.0,Netflix,0.0,0,WS
Chad Powers,2025,1.0,Not available for streaming,0.0,0,WS
Chidiya Udd,2025,1.0,MX Player,0.0,Amazon MX Player for free with ads,WS
Chill Kor Na,2025,1.0,Hoichoi,0.0,0,WS
Clean Slate,2025,1.0,Amazon Prime Video,0.0,0,WS
Common Side Effects,2025,1.0,Not available for streaming,0.0,0,WS
Court of Gold,2025,1.0,Netflix,0.0,0,WS
Criminal,2025,1.0,Amazon Prime Video,0.0,0,WS
Cult of Fear: Asaram Bapu,2025,1.0,Discovery+ Amazon Channel,0.0,0,WS
Dabba Cartel,2025,1.0,Netflix,0.0,0,WS
Dainee,2025,1.0,Hoichoi,0.0,Hoichoi Amazon Channel,WS
Dalah: Death and the Flowers,2025,1.0,Netflix,0.0,0,WS
Daredevil: Born Again,2025,2.0,Netflix,0.0,0,WS
Dark Side of the Cage,2025,1.0,Not available for streaming,0.0,0,WS
Dear You,2025,1.0,Not available for streaming,0.0,0,WS
Deli Boys,2025,1.0,JioHotstar,0.0,0,WS
Devil in the Family: The Fall of Ruby Franke,2025,1.0,JioHotstar,0.0,0,WS
Devil May Cry,2025,1.0,Netflix,0.0,0,WS
Devil's Diner,2025,1.0,Netflix,0.0,0,WS
Dexter: Resurrection,2025,1.0,Not available for streaming,0.0,0,WS
Dime tu nombre,2025,1.0,Not available for streaming,0.0,0,WS
Dinner Club,2025,1.0,Amazon Prime Video,0.0,0,WS
Doc,2025,1.0,Not available for streaming,0.0,0,WS
Dog Days Out,2025,1.0,Netflix,0.0,Netflix Kids,WS
Dope Thief,2025,1.0,Apple TV+,0.0,0,WS
Dupahiya,2025,1.0,Amazon Prime Video,0.0,0,WS
Dying for Sex,2025,1.0,No Information,0.0,No Information,WS
East of Eden,2025,1.0,Netflix,0.0,0,WS
Ek Farzi Love Story,2025,1.0,MX Player,0.0,Amazon MX Player for free with ads,WS
Empire Under Fire,2025,1.0,Discovery+,0.0,Discovery+ Amazon Channel,WS
"Even Given the Worthless ""Appraiser"" Class, I'm Actually the Strongest",2025,1.0,Crunchyroll,0.0,Crunchyroll Amazon Channel or for free with ads on Crunchyroll,WS
Everybody's Live with John Mulaney,2025,1.0,Netflix,0.0,0,WS
Extracted,2025,1.0,Not available for streaming,0.0,0,WS
Eyes of Wakanda,2025,1.0,Not available for streaming,0.0,0,WS
Eyes on the Prize III: We Who Believe in Freedom Cannot Rest 1977-2015,2025,1.0,JioHotstar,0.0,0,WS
Farmagia,2025,1.0,Crunchyroll,0.0,Crunchyroll Amazon Channel,WS
Fear,2025,1.0,Not available for streaming,0.0,0,WS
Firebug,2025,1.0,Apple TV+,0.0,0,WS
First to the Finish,2025,1.0,Amazon Prime Video,0.0,0,WS
Flower and Asura,2025,1.0,Not available for streaming,0.0,0,WS
FoQ. La nueva generaciÃ³n,2025,1.0,Not available for streaming,0.0,0,WS
For the Win: NWSL,2025,1.0,Amazon Prime Video,0.0,0,WS
Forever,2025,1.0,Netflix,0.0,0,WS
From Bureaucrat to Villainess: Dad's Been Reincarnated!,2025,1.0,Not available for streaming,0.0,0,WS
Fugitive Hunters Mexico,2025,1.0,Not available for streaming,0.0,0,WS
Garnachas: Glorious Street Food!,2025,1.0,Netflix,0.0,0,WS
George Lopez: Muy CatÃ³lico,2025,1.0,Amazon Prime Video,0.0,0,WS
Go!,2025,1.0,Netflix,0.0,0,WS
Going Dutch,2025,1.0,Not available for streaming,0.0,0,WS
Gold & Greed: The Hunt for Fenn's Treasure,2025,1.0,Netflix,0.0,0,WS
Goldie,2025,1.0,Apple TV+,0.0,0,WS
Gone Girls: The Long Island Serial Killer,2025,1.0,Netflix,0.0,0,WS
Good American Family,2025,1.0,JioHotstar,0.0,0,WS
Good Cop/Bad Cop,2025,1.0,Not available for streaming,0.0,0,WS
Goosebumps: The Vanishing,2025,1.0,JioHotstar,0.0,0,WS
Government Cheese,2025,1.0,Apple TV+,0.0,0,WS
Great Indian Institutes,2025,1.0,JioHotstar,0.0,0,WS
Griha Laxmi,2025,1.0,EPIC ON,0.0,0,WS
Grosse Pointe Garden Society,2025,1.0,JioHotstar,0.0,0,WS
Happy Face,2025,1.0,JioHotstar,0.0,0,WS
Harlem Ice,2025,1.0,JioHotstar,0.0,0,WS
Headhunted to Another World: From Salaryman to Big Four!,2025,1.0,Crunchyroll,0.0,Crunchyroll Amazon Channel or for free with ads on Crunchyroll.,WS
Hell for You,2025,1.0,Netflix,0.0,0,WS
HELLO HELLO HELLO Road to RuPaul's Drag Race Season 17,2025,1.0,WOW Presents Plus,0.0,0,WS
Homicide Squad New Orleans,2025,1.0,Not available for streaming,0.0,0,WS
Honey Lemon Soda,2025,1.0,Crunchyroll,0.0,Crunchyroll Amazon Channel or for free with ads on Crunchyroll,WS
Hound's Hill,2025,1.0,Netflix,0.0,0,WS
House of David,2025,2.0,Amazon Prime Video,0.0,0,WS
I Am Ilary,2025,1.0,Netflix,0.0,0,WS
I Am Married...But!,2025,1.0,Netflix,0.0,0,WS
I Have a Crush at Work,2025,1.0,Not available for streaming,0.0,0,WS
I Left My A-Rank Party to Help My Former Students Reach the Dungeon Depths!,2025,1.0,Crunchyroll,0.0,Crunchyroll Amazon Channel or for free with ads on Crunchyroll,WS
"I May Be a Guild Receptionist, but I'll Solo Any Boss to Clock Out on Time",2025,1.0,Crunchyroll,0.0,Crunchyroll Amazon Channel or for free with ads on Crunchyroll,WS
I Want to Escape from Princess Lessons,2025,1.0,Crunchyroll Amazon Channel,0.0,0,WS
"I'm a Noble on the Brink of Ruin, So I Might as Well Try Mastering Magic",2025,1.0,Crunchyroll,0.0,Crunchyroll Amazon Channel or for free with ads on Crunchyroll,WS
I'm Getting Married to a Girl I Hate in My Class,2025,1.0,Crunchyroll,0.0,Crunchyroll Amazon Channel or for free with ads on Crunchyroll,WS
I'm Living with an Otaku NEET Kunoichi!?,2025,1.0,Not available for streaming,0.0,0,WS
Inanma,2025,1.0,Chaupal Amazon Channel,0.0,Amazon Prime,WS
Inheritance Detective,2025,1.0,Netflix,0.0,0,WS
Ironheart,2025,1.0,Not available for streaming,0.0,0,WS
IT: Welcome to Derry,2025,1.0,No Information,0.0,No Information,WS
Iyanu,2025,1.0,Not available for streaming,0.0,0,WS
Jaadu Teri Nazar - Daayan Ka Mausam,2025,1.0,JioHotstar,0.0,0,WS
Japan's Number One Jerk Salaryman,2025,1.0,Netflix,0.0,0,WS
"Jerry Springer: Fights, Camera, Action",2025,1.0,Netflix,0.0,0,WS
Just One Look,2025,1.0,Netflix,0.0,0,WS
K-foodie meets J-foodie,2025,1.0,Netflix,0.0,0,WS
Kanneda,2025,1.0,JioHotstar,0.0,0,WS
Karma,2025,1.0,Netflix,0.0,0,WS
Khakee: The Bengal Chapter,2025,1.0,Netflix,0.0,0,WS
Kian's Bizarre B&B,2025,1.0,Netflix,0.0,0,WS
Know Where to Hide: Wie niet weg is...,2025,1.0,Amazon Prime Video,0.0,0,WS
Kobali,2025,1.0,JioHotstar,0.0,0,WS
Leviathan,2025,1.0,Netflix,0.0,0,WS
Liars Club,2025,1.0,Amazon Prime Video,0.0,0,WS
Lockerbie: A Search for Truth,2025,1.0,JioHotstar,0.0,0,WS
Lois & Varga,2025,1.0,No Information,0.0,0,WS
LOL: Last One Laughing UK,2025,1.0,Amazon Prime Video,0.0,0,WS
Long Bright River,2025,1.0,Not available for streaming,0.0,0,WS
Loot Kaand,2025,1.0,MX Player,0.0,Amazon MX Player for free with ads,WS
Love Is Blind: Germany,2025,1.0,Netflix,0.0,0,WS
Love is Hard for a Rich Man,2025,1.0,Not available for streaming,0.0,0,WS
Love Under Construction,2025,1.0,JioHotstar,0.0,0,WS
I'm the Evil Lord of an Intergalactic Empire!,2025,1.0,Crunchyroll,0.0,0,WS
Lovers Anonymous,2025,1.0,Netflix,0.0,0,WS
Magic Maker,2025,1.0,Amazon Prime Video,0.0,0,WS
Mannat: Har Khushi Paane Ki,2025,1.0,JioHotstar,0.0,0,WS
Maria: The Outlaw Legend,2025,1.0,Not available for streaming,1.0,0,WS
Marvel Zombies,2025,1.0,Not available for streaming,1.0,0,WS
Medaka Kuroiwa Is Impervious to My Charms,2025,1.0,Amazon Prime Video,0.0,0,WS
Medalist,2025,1.0,Not available for streaming,1.0,0,WS
Medusa,2025,1.0,Netflix,0.0,0,WS
Melo Movie,2025,1.0,Netflix,0.0,0,WS
Mermicorno:Starfall,2025,2.0,Not available for streaming,1.0,0,WS
Mogura,2025,1.0,Netflix,0.0,0,WS
Missing You,2025,1.0,Netflix,0.0,0,WS
Molly Mae: Behind It All,2025,1.0,Amazon Prime Video,0.0,0,WS
Momentry Lily,2025,1.0,Not available for streaming,1.0,0,WS
Moonrise,2025,1.0,Not available for streaming,1.0,0,WS
Motel Transylvania,2025,1.0,Netflix,0.0,0,WS
Ms. Rachel,2025,1.0,Netflix,0.0,Netflix Kids,WS
Murderbot,2025,1.0,Apple TV,0.0,0,WS
Muslim Matchmaker,2025,1.0,Not available for streaming,1.0,0,WS
Mussolini - Son of the Century,2025,1.0,Not available for streaming,1.0,0,WS
My Family,2025,1.0,Netflix,0.0,0,WS
My Hero Academia: Vigilantes,2025,1.0,Amazon Prime Video,0.0,0,WS
NCIS: Tony & Ziva,2025,1.0,Not available for streaming,1.0,0,WS
Newbie in the Club,2025,1.0,Netflix,0.0,0,WS
Newtopia,2025,1.0,Amazon Prime Video,0.0,0,WS
North of North,2025,1.0,Netflix,0.0,0,WS
Number One on the Call Sheet,2025,1.0,Apple TV,0.0,0,WS
Office,2025,1.0,JioHotstar,0.0,0,WS
Offline Love,2025,1.0,Netflix,0.0,0,WS
OkitSura,2025,1.0,Amazon Prime Video,0.0,Free on Crunchyroll,WS
On Call,2025,1.0,Amazon Prime Video,,0,WS
Onside: Major League Soccer,2025,1.0,Apple TV,0.0,0,WS
Outlander: Blood of My Blood,2025,1.0,Not available for streaming,1.0,0,WS
Overcompensating,2025,1.0,Amazon Prime Video,0.0,0,WS
Ozark Law,2025,1.0,Not available for streaming,1.0,0,WS
Par de Ideotas,2025,1.0,Amazon Prime Video,0.0,0,WS
Paradise,2025,1.0,JioHotstar,0.0,0,WS
Perfect Match,2025,1.0,Netflix,0.0,0,WS
Perfect Match - Friendship Sharing,2025,1.0,Netflix,0.0,Netflix Kids,WS
Possibly the Greatest Alchemistof All Time,2025,1.0,Amazon Prime Video,0.0,Free on Crunchyroll,WS
Power of Panch,2025,1.0,JioHotstar,0.0,Free on JioHotstar,WS
Prime Target,2025,1.0,Apple TV,0.0,0,WS
Prison Cell 211,2025,1.0,Netflix,0.0,0,WS
Private Banker,2025,1.0,Netflix,0.0,0,WS
Project UFO,2025,1.0,Netflix,0.0,0,WS
Promise of Wizard,2025,1.0,Amazon Prime Video,0.0,Free on Amazon Video,WS
Public Disorder,2025,1.0,Netflix,0.0,0,WS
Pulse,2025,1.0,Netflix,0.0,0,WS
Pyaar Testing,2025,1.0,Zee5,0.0,Free on Zee5,WS
Pyaar Ka Professor,2025,1.0,Amazon MX Player,0.0,Free on MX Player,WS
Ram Bhavan,2025,1.0,JIoHotstar,0.0,Free on JioHotstar,WS
Ransom Canyon,2025,1.0,Netflix,0.0,0,WS
Real Madrid: How Could I Not Love You,2025,1.0,Amazon Prime Video,0.0,0,WS
Red Carpet Survival,2025,1.0,Amazon Prime Video,0.0,0,WS
Rise of Raven,2025,1.0,Not available for streaming,1.0,0,WS
Roosters,2025,1.0,Netflix,0.0,0,WS
Running Point,2025,1.0,Netflix,0.0,0,WS
Sakamoto Days,2025,1.0,Netflix,0.0,0,WS
Scamanda,2025,1.0,Not available for streaming,1.0,0,WS
Scars of Beauty,2025,1.0,Not available for streaming,1.0,0,WS
Screwballs,2025,1.0,Netflix,0.0,0,WS
Selling the City,2025,1.0,Netflix,0.0,0,WS
Shafted,2025,1.0,Netflix,0.0,0,WS
Sherlock & Daughter,2025,1.0,Not available for streaming,1.0,0,WS
Shifting Gears,2025,1.0,Not available for streaming,1.0,0,WS
Side Quest,2025,1.0,Apple TV,0.0,0,WS
Sirens,2025,1.0,Netflix,0.0,0,WS
Sivaranpalli,2025,1.0,Amazon Prime Video,0.0,0,WS
Ski into Love,2025,1.0,Netflix,0.0,0,WS
Skijumpers,2025,1.0,Amazon Prime Video,0.0,0,WS
Small Town Setup,2025,1.0,Not available for streaming,1.0,0,WS
"Small Town, Big Story",2025,1.0,JioHotstar,0.0,0,WS
Snigdha,2025,1.0,Hoichoi,0.0,0,WS
Soju Rhapsody,2025,1.0,Netflix,0.0,0,WS
Splinter Cell: Deathwatch,2025,2.0,Netflix,0.0,0,WS
Spy High,2025,1.0,Not available for streaming,1.0,0,WS
Star Trek: Starfleet Academy,2025,2.0,Not available for streaming,1.0,0,WS
Stick,2025,1.0,Apple TV,0.0,0,WS
Su majestad,2025,1.0,Amazon Prime Video,0.0,0,WS
Subteran,2025,1.0,Netflix,0.0,0,WS
Suits LA,2025,1.0,JioHotstar,0.0,0,WS
Surviving Black Hawk Down,2025,1.0,Netflix,0.0,0,WS
Sweethearts,2025,1.0,Not available for streaming,1.0,0,WS
Tasokare Hotel,2025,1.0,Plex,0.0,Free on Plex,WS
The Baldwins,2025,1.0,Amazon Prime Video,0.0,0,WS
The Beauty,2025,1.0,Not available for streaming,1.0,0,WS
The Blank Menu for You,2025,1.0,Netflix,0.0,0,WS
The Bondsman,2025,1.0,Amazon Prime Video,0.0,0,WS
The Breakthrough,2025,1.0,Netflix,0.0,0,WS
The Clubhouse: A Year with the Red Sox,2025,1.0,Netflix,0.0,0,WS
The Crow Girl,2025,1.0,Not available for streaming,1.0,0,WS
The Curious of...,2025,1.0,Amazon Prime Video,0.0,0,WS
Middle-Aged Online Shopper in Another World,2025,1.0,Amazon Prime Video,0.0,Free on Amazon Video,WS
The Diamond Heist,2025,1.0,Netflix,0.0,0,WS
The Divorce Insurance,2025,1.0,Amazon Prime Video,0.0,0,WS
The Eastern Gate,2025,1.0,Not available for streaming,1.0,0,WS
The Eternaut,2025,1.0,Netflix,0.0,0,WS
The Eunuch Maker,2025,1.0,Not available for streaming,1.0,0,WS
The First Frost,2025,1.0,Netflix,0.0,0,WS
The Flip Off,2025,1.0,Not available for streaming,1.0,0,WS
The Four Seasons,2025,1.0,Netflix,0.0,0,WS
The Fox Hollow Murders,2025,1.0,JioHotstar,0.0,0,WS
The Glass Dome,2025,1.0,Netflix,0.0,0,WS
The Greatest Rivalry: India vs Pakistan,2025,1.0,Netflix,0.0,0,WS
The Hooligan,2025,1.0,Netflix,0.0,0,WS
The Hot Spot,2025,1.0,Netflix,0.0,0,WS
The Hunting Party,2025,1.0,JioHotstar,0.0,0,WS
The Joe Schmo Show,2025,1.0,Not available for streaming,1.0,0,WS
The Lady's Companion,2025,1.0,Netflix,0.0,0,WS
The Leopard,2025,1.0,Netflix,0.0,0,WS
The Llberation,2025,1.0,Amazon Prime Video,0.0,0,WS
The Madison,2025,1.0,Not available for streaming,1.0,0,WS
The Narrow Road to the Deep North,2025,1.0,Amazon Prime Video,0.0,0,WS
The Pitt,2025,1.0,JioHotstar,0.0,0,WS
The Potato Lab,2025,1.0,Netflix,0.0,0,WS
The Red Ranger Becomes an Adventurer in Another World,2025,1.0,Amazon Prime Video,0.0,Free on Amazon Video,WS
The Residence,2025,1.0,Netflix,0.0,0,WS
The Roshans,2025,1.0,Netflix,0.0,0,WS
The Secret of the Shiledars,2025,1.0,JioHotstar,0.0,Free on JioHotstar,WS
The Studio,2025,1.0,Apple TV,0.0,Free on Apple TV,WS
The Summer Hikaru Died,2025,1.0,Netflix,0.0,0,WS
The Takedown: American Aryans,2025,1.0,JioHotstar,0.0,0,WS
The Thundermans: Undercover,2025,1.0,Not available for streaming,1.0,0,WS
The Tinellis,2025,1.0,Amazon Prime Video,0.0,0,WS
The Trauma Code: Heroes on Call,2025,1.0,Netflix,0.0,0,WS
The Waking of a Nation,2025,1.0,SonyLiv,0.0,0,WS
The Z-Suite,2025,1.0,Not available for streaming,1.0,0,WS
The Are Murders,2025,1.0,Netflix,0.0,0,WS
Tiana,2025,1.0,Not available for streaming,1.0,0,WS
Tokyo Salad Bowl,2025,1.0,Not available for streaming,1.0,0,WS
Tom Green Country,2025,1.0,Amazon Prime Video,0.0,0,WS
Tom Green: I Got A Mule,2025,1.0,Amazon Prime Video,0.0,0,WS
Tooned Out,2025,1.0,Not available for streaming,1.0,0,WS
Toxic Town,2025,1.0,Netflix,0.0,0,WS
Try? Choo-ry!,2025,1.0,Netflix,0.0,0,WS
Tuiskoms,2025,1.0,Netflix,0.0,0,WS
Unmasked,2025,1.0,JioHotstar,0.0,0,WS
Veer Hanuman: Bolo Bajarang Bali Ki Jai,2025,1.0,SonyLiv,0.0,0,WS
Vietnam: The War That Changed America,2025,1.0,Apple TV,0.0,0,WS
W.A.G.s to Riches,2025,1.0,Netflix,0.0,0,WS
Watashi wa Seikei Bijin,2025,1.0,Not available for streaming,1.0,0,WS
Watson,2025,1.0,Not available for streaming,1.0,0,WS
"Welcome to Japan, Ms.Elf!",2025,1.0,Amazon Prime Video,0.0,Free on Amazon Video,WS
Welcome to the Family,2025,1.0,Netflix,0.0,0,WS
When Life Gives You Tangerines,2025,1.0,Netflix,0.0,0,WS
When No One Sees Us,2025,1.0,Not available for streaming,1.0,0,WS
When the Stars Gossip,2025,1.0,Netflix,0.0,0,WS
Who Saw the Peacock Dance in the Jungle?,2025,1.0,Netflix,0.0,0,WS
Wicked Game: Devil in the Desert,2025,1.0,JioHotstar,0.0,0,WS
Win or Lose,2025,1.0,JioHotstar,0.0,0,WS
Witch Watch,2025,1.0,Crunchyroll,0.0,0,WS
"With Love, Meghan",2025,1.0,Netflix,0.0,0,WS
Wolf King,2025,1.0,Netflix,0.0,0,WS
Wonder Man,2025,2.0,Not available for streaming,1.0,0,WS
You and Idol Precure,2025,1.0,Not available for streaming,1.0,0,WS
You Friendly Neighborhood Spider-Man,2025,2.0,JioHotstar,0.0,0,WS
Your Friends and Neighbors,2025,2.0,Apple TV,0.0,0,WS
Zenshu,2025,1.0,Amazon Prime Video,0.0,Free on Crunchyroll,WS
Zero Day,2025,1.0,Netflix,0.0,0,WS
Ziddi Girls,2025,1.0,Amazon Prime Video,0.0,0,WS
Zyada Mat Udd,2025,1.0,JioHotstar,0.0,Free on JioHotstar,WS
#Viral Prapancham,2025,0,Amazon Prime,0,0,M
14 Days: Girlfriend Intlo,2025,0,Not Available For Streaming,0,0,M
1857 Diary: The Hidden Pages,2025(COMING SOON),0,Theatre,20-04-2025,Amazon Prime,M
1st Kiss,2025,0,Not Available For Streaming,0,0,M
28 Years Later,2025(COMING SOON),0,Not Available For Streaming,0,0,M
2k Love Story,2025,0,Amazon Prime,0,0,M
366 Days,2025,0,Not Available For Streaming,0,0,M
45,2025(COMING SOON),0,Theatre,15-08-2025,Amazon Prime,M
7G Rainbow Colony 2,2025(COMING SOON),0,Theatre,�06-11-25,Amazon Prime,M
82nd Golden Globe Awards,2025,0,Amazon Prime,0,Lions Gate Play/Apple Tv,M
A Big Bold Beautiful Journey�,2025(COMING SOON),0,Not Available For Streaming,0,0,M
A Business Proposal,2025,0,Not Available For Streaming,0,0,M
A Culinary Uprising: The Story of   Bloodroot�,2025,0,Not Available For Streaming,0,0,M
A Merry Little Ex-Mas,2025(COMING SOON),0,Netflix,0,Amazon Prime,M
A Nice Indian Boy,2025(COMING SOON),0,Not Available For Streaming,0,0,M
A Working Man,2025(COMING SOON),0,Not Available For Streaming,0,0,M
Aachari Baa,2025,0,JioHotstar,0,Amazon Prime,M
Aadu 3,2025(COMING SOON),0,Theatre,25-12-2025,Amazon Prime,M
Aaj Jaaneki Zidd Na Karo,2025(COMING SOON),0,Theatre,26-11-2025,Amazon Prime,M
Aalambana,2025,0,Not Available For Streaming,0,0,M
Aang: The Last Airbender,2026(COMING SOON),0,Theatre,06-02-2026,0,M
Aapp Kaise Ho,2025,0,Not Available For Streaming,0,0,M
Aashiya Ananth Ashram,2025(COMING SOON),0,Theatre,25-03-2025,0,M
Aawakara�,2025,0,Not Available For Streaming,0,0,M
Abhilasham,2025(COMING SOON),0,Theatre,29-03-2025,Amazon Prime,M
Abhyanthara Kuttavali,2025(COMING SOON),0,Theatre,03-04-2025,Amazon Prime,M
Across the Sea,2025,0,Not Available For Streaming,0,0,M
Acts of Love,2025,0,Not Available For Streaming,0,0,M
Ad Vitam,2025,0,Netflix,0,Amazon Prime,M
Address,2025,0,Not Available For Streaming,0,0,M
Adhipatra,2025,0,Not Available For Streaming,0,0,M
Afra Tafri�,2025(COMING SOON),0,Theatre,25-07-2025,Amazon Prime/JioHotstar,M
Afternoons of Solitude,2025,0,Not Available For Streaming,0,0,M
Agent Recon,2025,0,Amazon Prime,0,0,M
Aghathiyaa�,2025,0,Theatre,0,Amazon Prime,M
Agneya,2025(COMING SOON),0,Theatre,04-04-2025,Amazon Prime,M
Agnyathavasi�,2025(COMING SOON),0,Theatre,11-04-2025,Amazon Prime,M
Akaal: The Unconquered,2025(COMING SOON),0,Theatre,10-04-2025,Amazon Prime,M
Akhanda 2�,2025(COMING SOON),0,Theatre,25-09-2025,Amazon Prime,M
Akkad Bakkad Bambee Bo Assi Nabbe Poore So,2025,0,Not Available For Streaming,0,0,M
Aladdin 3477- I: The Jinn of Wisdom,2025,0,Not Available For Streaming,0,0,M
Alakshye Ritwik,2025,0,Not Available For Streaming,0,0,M
Alappuzha Gymkhana,2025(COMING SOON),0,Theatre,�28/03/25,Amazon Prime,M
Alarum,2025,0,Not Available For Streaming,0,0,M
"Alexander and the Terrible, Horrible, No Good, Very Bad Road Trip",2025,0,Theatre,�28/03/25,Amazon Prime/JioHotstar,M
All the Best Pandya�,2025,0,Not Available For Streaming,0,0,M
Almarhum,2025,0,Not Available For Streaming,0,0,M
Alpha,2025(COMING SOON),0,Theatre,25-12-2025,Amazon Prime,M
Am Ah,2025,0,Theatre,0,Amazon Prime,M
Amaarg- The Wrong Path�,2025,0,Theatre,20-12-2025,Amazon Prime,M
Amar Boss,2025(COMING SOON),0,0,0,0,M
Americana�,2025(COMING SOON),0,0,0,0,M
Anaconda,2025(COMING SOON),0,0,0,0,M
Anacondas: Silent Scream,2025(COMING SOON),0,0,0,0,M
Anaganaga Australia Lo�,2025,0,Theatre,0,Amazon Prime,M
Ananthamm�,2025,0,Theatre,17-09-2025,Amazon Prime,M
And the Breadwinner Is...,2025(COMING SOON),0,0,0,0,M
Andrew Schulz: LIFE�,2025,0,Netflix,0,Amazon Prime,M
Andr� Is an Idiot,2025,0,Not Available For Streaming,0,0,M
Animal Friends,2025(COMING SOON),0,0,0,0,M
Another Simple Favor,2025(COMING SOON),0,Amazon Prime,01-05-2025,0,M
Anpodu Kanmani,2025,0,Not Available For Streaming,0,0,M
Antar Yuddh,2025(COMING SOON),0,Not Available For Streaming,0,0,M
Anywhere Anytime,2025(COMING SOON),0,Theatre,�18/07/25,Amazon Prime,M
Apaayavide Eccharike,2025,0,Theatre,0,Amazon Prime,M
April,2025,0,Not Available For Streaming,0,0,M
April May 99,2025,0,Theatre,16-05-2025,Amazon Prime,M
Ari Shaffir: America's Sweetheart,2025,0,Netflix,0,Amazon Prime,M
Arjun Ustara�,2025,0,Theatre,�05/12/25,Amazon Prime,M
Armor Wars,2026(COMING SOON),0,0,0,0,M
Ashwatthama - Ek Amar Shraap,2025(COMING SOON),0,0,0,0,M
Ask Sadece Bir An,2025,0,,0,0,M
Ata Thambaycha Naay!,2025(COMING SOON),0,Theatre,01-05-2025,Amazon Prime,M
Autobiografia di una Borsetta,2025,0,Amazon Prime,0,mubi,Short Movie
Autonomous,2025,0,Amazon Prime,0,Just Watch/Plex,M
Avatar 4,2029(COMING SOON),0,0,0,0,M
Avatar 5�,2031(COMING SOON),0,0,0,0,M
Avatar: Fire and Ash,2025(COMING SOON),0,0,0,0,M
Avengers: Doomsday,2026(COMING SOON),0,0,0,0,M
Avengers: Secret Wars,2027(COMING SOON),0,0,0,0,M
Azaad�,2025,0,Theatre,0,Netflix/Amazon Prime,M
B,2025,0,Not Available For Streaming,0,0,M
Baaghi 4�,2027(COMING SOON),0,Theatre,�05/09/25,Amazon Prime,M
Baapu,2025,0,Amazon Prime,0,JioHotstar,M
Babu Shona,2025,0,Not Available For Streaming,0,0,M
Baby,2025,0,Not Available For Streaming,0,0,M
Bache Zerang,2025,0,Not Available For Streaming,0,0,M
Back in Action,2025,0,Netflix,0,Amazon Prime,M
Bad Girl�,2025,0,Not Available For Streaming,0,0,M
Badass Ravikumar�,2025,0,Theatre,0,Amazon Prime,M
Badnaam,2025,0,Theatre,0,Amazon Prime,M
Baida,2025,0,Not Available For Streaming,0,0,M
Balaram Kando,2025,0,Not Available For Streaming,0,0,M
Bambi: The Reckoning�,2025(COMING SOON),0,0,0,0,M
Bancharamer Mess Bari,2025,0,Theatre,0,Amazon Prime,M
Banda Yeh Bindaas Hai,2025,0,Theatre,�17/05/25,Amazon Prime,M
Banger,2025,0,Theatre,�02/04/25,Amazon Prime,M
Barbie & Teresa: Recipe for Friendship,2025,0,Netflix,0,Amazon Prime,M
Barget Basya,2025,0,Theatre,0,Amazon Prime,M
Batman Ninja vs. Yakuza League,2025,0,AppleTV,0,"Amazon Prime,Google play,YouTube Paid",M
Bayang-Bayang Anak Jahanam,2025,0,Not Available For Streaming,0,0,M
Bazooka�,2025(COMING SOON),0,0,0,0,M
Be Happy,2025,0,Amazon Prime,0,0,M
Becoming Led Zeppelin,2025,0,Not Available For Streaming,0,0,M
Beguru Colony,2025,0,Not Available For Streaming,0,0,M
Behindd�,2025(COMING SOON),0,0,0,0,M
Being Blanche Houellebecq,2025(COMING SOON),0,0,0,0,M
Belyas,2025,0,,0,0,M
Bert Kreischer: Lucky�,2025,0,Netflix,0,Amazon Prime,M
Better Half Chi Love Story�,2025,0,Not Available For Streaming,0,0,M
Bhaava Theera Yaana,2025,0,Theatre,0,Amazon Prime,M
Bhaggyolokkhi,2025,0,Not Available For Streaming,0,0,M
Bhanupriya Bhooter Hotel�,2025(COMING SOON),0,Theatre,25-12-2025,Amazon Prime,M
Bhavani Ward 1997,2025,0,Not Available For Streaming,0,0,M
Bhool Chuk Maaf,2025(COMING SOON),0,Theatre,10-04-2025,Amazon Prime,M
Bhuvanam Gaganam�,2025,0,Theatre,0,Amazon Prime,M
Bihu attack,2025(COMING SOON),0,0,0,0,M
Bill Burr: Drop Dead Years,2025,0,JioHotstar,0,Amazon Prime,M
Bill Maher: Is Anyone Else Seeing This?,2025,0,JioHotstar,0,Amazon Prime,M
Binodiini - Ekti Natir Upakhyan,2025,0,Not Available For Streaming,0,0,M
Bioscope,2025,0,Not Available For Streaming,0,0,M
Black Bag,2025(COMING SOON),0,Theatre,28-03-2025,0,M
Blade,2025(COMING SOON),0,0,0,0,M
Blind Love,2025,0,Not Available For Streaming,0,0,M
BLKNWS: Terms & Conditions,2025,0,Not Available For Streaming,0,0,M
Bobby Aur Rishi Ki Love Story,2025,0,JioHotstar,0,Amazon Prime,M
Bodeg�n con fantasmas,2025,0,Not Available For Streaming,0,0,M
Bono: Stories of Surrender,2025,0,AppleTV,30-05-2025,0,M
Boonie Bears: Future Reborn,2025,0,Not Available For Streaming,0,0,M
Borderline�,2025,0,Not Available For Streaming,0,0,M
Both Eyes Open,2025,0,Not Available For Streaming,0,0,M
Bottle Radha�,2025,0,Aha,0,Amazon Prime,M
Bound in Heaven,2025,0,Not Available For Streaming,0,0,M
Brahma Anandam,2025,0,Not Available For Streaming,0,0,M
Bride Hard,2025(COMING SOON),0,0,0,0,M
Bridget Jones: Mad About the Boy,2025,0,Theatre,0,"Amazon Prime,Amazon Video",M
Bring Them Down,2025,0,mubi,28-03-2025,Amazon Prime,M
Bromance,2025,0,Not Available For Streaming,0,0,M
Buddhivantha 2�,2025,0,Not Available For Streaming,0,0,M
Captain America: Brave New World,2025,0,Theatre,0,Amazon Prime,M
Captain Volkonogov Escaped,2025(COMING SOON),0,0,0,0,M
Carjackers,2025,0,Amazon Prime,0,0,M
Carrie Underwood: Reflection,2025,0,JioHotstar,0,Amazon Prime,M
Caught Stealing,2025(COMING SOON),0,0,0,0,M
Chhaava,2025,0,Theatre,0,Amazon Prime,M
Chhabi (Marathi)�,2025(COMING SOON),0,Theatre,09-05-2025,0,M
Chhorii 2,2025(COMING SOON),0,Amazon Prime,�11/04/25,0,M
ChikiChiki BooboomBoom�,2025,0,Theatre,0,0,M
Choo Mantar,2025,0,Amazon Prime,0,0,M
Choppu,2025,0,Amazon Prime,0,0,M
Choran Nal Yarian,2025,0,Not Available For Streaming,0,0,M
Chuck Billy and the Marvelous Guava Tree,2025,0,Amazon Prime,0,0,M
Class �90�,2025,0,Not Available For Streaming,0,0,M
Cleaner�,2025,0,Not Available For Streaming,0,0,M
ClearMind,2025,0,Not Available For Streaming,0,0,M
Close to Me,2025,0,Not Available For Streaming,0,0,M
Clown in a Cornfield,2025,0,Not Available For Streaming,0,0,M
"Coexistence, My Ass!",2025,0,Not Available For Streaming,0,0,M
Coffee With A Killer�,2025,0,Aha,0,Amazon Prime,M
COLORFUL STAGE! The Movie: A Miku Who Can't Sing,2025,0,Not Available For Streaming,0,0,M
Communist Pacha Adhava Appa,2025,0,Not Available For Streaming,0,0,M
Companion,2025,0,Not Available For Streaming,0,0,M
Companion,2025,0,AppleTV,0,"Google Play,Youtube, amazon video-(leaving 24th april)",M
Con Mum,2025,0,Netflix,0,0,M
Confia - Sonho de Cria�,2025,0,Not Available For Streaming,0,0,M
Control Freak,2025,0,JioHotstar,0,0,M
Cooked�,2025,0,Not Available For Streaming,0,0,M
Coolie,2025(COMING SOON),0,Theatre,01-05-2025,0,M
Coraz�n delator,2025,0,Not Available For Streaming,0,0,M
Cornell's Box,2025,0,Not Available For Streaming,0,0,M
Cornucopia,2025,0,Not Available For Streaming,0,0,M
Counterattack,2025,0,Netflix,0,0,M
Court - State Vs. A Nobody,2025,0,Not Available For Streaming,0,0,M
Crazxy�,2025,0,Theatre,0,0,M
CrazyMinded�,2025,0,Not Available For Streaming,0,0,M
Creatures of the Night,2025,0,Curiosity Stream,0,0,Short Movie
Criminal King of Hajipur,2025(COMING SOON),0,Theatre,10-06-2025,0,M
Daagi�,2025(COMING SOON),0,Theatre,30-03-2025,0,M
Daaku Maharaaj,2025,0,Netflix,0,0,M
Daal Roti/ Bread & Butter,2025,0,Not Available For Streaming,0,0,M
Daas�,2025(COMING SOON),0,Theatre,04-04-2025,0,M
Dada,2025,0,Not Available For Streaming,0,0,M
Dajal: Satu Malam Dipedajal,2025,0,Not Available For Streaming,0,0,M
Dan Hawk Psychic Detective,2025,0,Just Watch,0,0,M
Dantela�,2025,0,Not Available For Streaming,0,0,M
Dark Nuns,2025,0,Not Available For Streaming,0,0,M
DARPANA (The Mirror) Odia,2025,0,Not Available For Streaming,0,0,M
Daveed,2025,0,Not Available For Streaming,0,0,M
Dayi: Bir Adamin Hikayesi 2,2025,0,Not Available For Streaming,0,0,M
De De Pyaar De 2,2025(COMING SOON),0,Theatre,01-05-2025,0,M
Dead Before They Wake�,2025,0,Not Available For Streaming,0,0,M
Deaf President Now!,2025(COMING SOON),0,AppleTV,16-05-2025,0,M
Dear Krishna,2025,0,Not Available For Streaming,0,0,M
Death Before the Wedding,2025,0,Netflix,0,0,M
Death of a Unicorn,2025,0,Not Available For Streaming,0,0,M
Deep Cover,2025,0,Amazon Prime,12-06-2025,0,M
Demon City,2025,0,Netflix,0,0,M
Demon Slayer: Kimetsu no Yaiba Infinity Castle,2025(COMING SOON),0,Theatre,12-09-2025,0,M
Den of Thieves 2: Pantera�,2025,0,Lions Gate Play,0,Amazon Prime(coming on25/04/25),M
Detective Teekshana,2025,0,Not Available For Streaming,0,0,M
Deva,2025,0,Theatre,0,Netflix,M
Devil.. The Hero�,2025,0,Not Available For Streaming,0,0,M
Devmanus,2025(COMING SOON),0,Theatre,25-04-2025,0,M
Dhadak 2,2025,0,Not Available For Streaming,0,0,M
Dhampachhada,2025,0,Not Available For Streaming,0,0,M
Dhoom Dhaam,2025,0,Netflix,0,0,M
Dick Reno: Monster Slayer,2025,0,Not Available For Streaming,0,0,M
Diddy: Monster's Fall,2025,0,Plex,0,0,M
Diddy: The Making of a Bad Boy,2025,0,Not Available For Streaming,0,0,M
Dil Dosti Aur Dogs�,2025,0,JioHotstar,0,0,M
Diler,2025(COMING SOON),0,Theatre,10-04-2025,0,M
Dilruba,2025,0,Theatre,0,0,M
Dirty Dancing 2�,2025,0,Not Available For Streaming,0,0,M
Disconnected 2,2025,0,Amazon Prime,0,0,M
Do Not Disturb,2025,0,Not Available For Streaming,0,0,M
Dog Man,2025(COMING SOON),0,Theatre,25-04-2025,0,M
Dog Patrol,2025,0,Not Available For Streaming,0,0,M
Dogulu�,2025,0,Not Available For Streaming,0,0,M
Dominic and the Ladies' Purse,2025,0,Not Available For Streaming,0,0,M
Don 3,2025,0,Not Available For Streaming,0,0,M
Don Jediondo Recharged,2025,0,Amazon Prime,0,0,M
Don't Die: The Man Who Wants to Live Forever,2025,0,Netflix,0,0,M
Doraemon the Movie: Nobita's Art World Tales,2025(COMING SOON),0,0,0,0,M
Dove osano le cicogne,2025,0,Not Available For Streaming,0,0,M
Dragon,2025,0,Netflix,0,0,M
Dreaming Dogs,2025(COMING SOON),0,0,0,0,M
Drop,2025(COMING SOON),0,Theatre,11-04-2025,0,M
Dunk,2025(COMING SOON),0,Theatre,�23/04/25,0,M
Dustbin,2025(COMING SOON),0,Theatre,11-04-2025,0,M
Echo Valley,2025,0,Apple TV,0,0,M 
Eddelu Manjunatha 2,2025,0,Not available for streaming ,0,0,M 
Eden,2025,0,Not available for streaming,0,0,M 
Ei Raat Tomar Amaar,2025,0,Hoichoi,0,Hoichoi Amazon channel / book my show(Cinema),M 
El juego del calamar (Temporada 2): Detrás de cámaras,2025,0,Netflix,0,0,M 
Eleanor the Great,2025,0,No Information ,0,0,M 
Elio,2025,0,Not available for streaming,0,0,M 
Emergency,2025,0,Netflix,0,0,M 
Enna Nu Rehna Sehna Ni Aaunda,2025,0,No information ,0,0,M 
Ennu Swantham Punyalan,2025,0,Not available for streaming,0,0,M 
Eternal,2025,0,Not available for streaming,0,0,M 
Eulogy of Numbness ,2025,0,Not available for streaming,0,0,M 
Everything About My Wife,2025,0,Not available for streaming,0,0,M 
Exterritorial,2025,0,Netflix,0,0,M 
F Marry Kill,2025,0,Prime Video,0,"Rent/Buy on Apple TV , Rent on Amazon Video",M 
F*cks News demandados en pantalla grande,2025,0,Not available for streaming,0,0,M 
F1,2025,0,No information ,0,0,M 
Faati Ne?,2025,0,Not available for streaming,0,0,M 
Fara suflet,2025,0,Not available for streaming,0,0,M 
Farradday,2025,0,No Information,0,0,M 
Fateh,2025,0,JioHotstar,0,0,M 
Fear Street: Prom Queen,2025,0,No Information,0,0,M 
Felipe Esparza: Raging Fool,2025,0,Netflix,0,0,M 
Felubakshi,2025,0,Not available for streaming,0,0,M 
Fight or Flight,2025,0,Lionsgate Play,0,"Lionsgate Play Apple Tv Channel, Lionsgate Play Amazon channel",M 
Fikar Karo-Na,2025,0,Chaupal prime video channels,0,0,M 
Final Destination: Bloodlines,2025,0,No Information,0,0,M 
Finding Me ,2025,0,Prime Video,0,0,M 
Finist. The First Warrior,2025,0,Not available for streaming,0,0,M 
FIR 6 to 6,2025,0,bookmyshow (Cinema),0,0,M 
Fire,2025,0,Prime Video,0,0,M 
FireFly,2025,0,No Information,0,0,M 
Firrkie,2025,0,Not available for streaming,0,0,M 
First Thing Sunday,2025,0,Filmzie,0,0,M 
Five Nights at Freddy's 2,2025,0,Not available for streaming,0,0,M 
Fixed,2025,0,No Information,0,0,M 
Flight Risk,2025,0,Rent/Buy on Apple Tv,0,Rent on Amazon Video,M 
Food for Profit,2025,0,Not available for streaming,0,0,M 
Forbidden Fairytale,2025,0,Not available for streaming,0,0,M 
Forest,2025,0,Prime Video,0,0,M 
Fountain of Youth,2025,0,No Information,0,0,M 
Frankenstein,2025,0,Not available for streaming,0,0,M 
Freakier Friday,2025,0,Not available for streaming,0,0,M 
Freaky Friday 2,2025,0,Not available for streaming,0,0,M 
Friendship,2025,0,Not available for streaming,0,0,M 
From Ground Zero,2025,0,Not available for streaming,0,0,M 
From the World of John Wick: Ballerina ,2025,0,Not available for streaming,0,0,M 
Frozen Hot Boys,2025,0,Netflix,0,0,M 
Furlow ,2025,0,Not available for streaming,0,0,M 
Fussclass Dabhade,2025,0,Prime Video,0,Rent/Buy on Apple Tv,M 
Fé para o Impossível ,2025,0,Not available for streaming,0,0,M 
G20,2025,0,Prime Video,0,0,M 
Gaav Bolavato,2025,0,Not available for streaming,0,0,M 
Gabriel Iglesias: Legend of Fluffy,2025,0,Netflix,0,0,M 
Gajaana,2025,0,Not available for streaming,0,0,M 
Gajarama,2025,0,Not available for streaming,0,0,M 
Game Changer,2025,0,Prime video,0,"Zee5, Amazon Prime Video",M 
Gana,2025,0,Sun NXT,0,0,M 
Gandhi Tatha Chettu,2025,0,Prime video,0,0,M 
Gangers,2025,0,No Information,0,0,M 
Gangster Alla Prankster,2025,0,No Information,0,0,M 
Gentlewoman,2025,0,Prime video,0,0,M 
George A. Romero's Resident Evil,2025,0,Not available for streaming ,0,0,M 
Get-Set Baby ,2025,0,Not available for streaming,0,0,M 
Ghaati,2025,0,Not available for streaming,0,0,M 
Ghamaghot,2025,0,bookmyshow (Cinema),0,0,M 
Ghaprol: Garhwali Movie,2025,0,bookmyshow (Cinema),0,0,M 
Ghumpori,2025,0,Not available for streaming,0,0,M 
Gift Registry,2025,0,Not available for streaming,0,0,M 
Girl in the Garage: The Laura Cowan Story,2025,0,Not available for streaming,0,0,M 
Go Goa Gone 2,2025,0,No Information,0,0,M 
God Save The Tuches,2025,0,Not available for streaming,0,0,M 
Golmaal 5,2025,0,Not available for streaming,0,0,M 
Good Bad Ugly ,2025,0,Not available for streaming,0,0,M 
Grace Point,2025,0,Rent / Buy on Apple Tv,0,0,M 
Graduation Heist,2025,0,Not available for streaming,0,0,M 
Green and Gold,2025,0,Not available for streaming,0,0,M 
Grihostho ,2025,0,Not available for streaming,0,0,M 
Ground Zero,2025,0,No Information,0,0,M 
Gulkand,2025,0,No Information,0,0,M 
Gunslingers,2025,0,Not available for streaming,0,0,M 
Gyanvapi Files: A Tailor's Murder Story,2025,0,No Information,0,0,M 
Haal,2025,0,No Information,0,0,M 
Hai Jawani Toh Ishq Hona Hai,2025,0,No Information,0,0,M 
Halgat,2025,0,Not available for streaming,0,0,M 
Halimuyak,2025,0,Not available for streaming,0,0,M 
Hanak,2025,0,Not available for streaming,0,0,M 
Hangama.Com,2025,0,bookmyshow (Cinema),0,0,M 
Happy Gilmore 2,2025,0,No Information,0,0,M 
Har Har Mahadev ,2025,0,No Information,0,0,M 
Hardik Shubheccha,2025,0,Not available for streaming,0,0,M 
Hari Hara Veera Mallu : Part 1 - Sword vs Spirit,2025,0,Not available for streaming,0,0,M 
Hathya,2025,0,Prime video,0,0,M 
Haunting of Mount Gede ,2025,0,Not available for streaming,0,0,M 
Havoc,2025,0,No Information,0,0,M 
Heart Eyes,2025,0,No Information,0,0,M 
Help Me,2025,0,No Information,0,0,M 
Henry Danger: The Movie,2025,0,Not available for streaming,0,0,M 
High Tide,2025,0,Not available for streaming,0,0,M 
Hindi Vindi,2025,0,Not available for streaming,0,0,M 
Hiram na sandali ,2025,0,Not available for streaming,0,0,M 
HIROMITSU KITAYAMA「ZOO」,2025,0,Prime video,0,0,M 
HIT: The 3rd Case,2025,0,No Information,0,0,M 
Hitman 2,2025,0,Not available for streaming,0,0,M 
Hobal,2025,0,Not available for streaming,0,0,M 
Holland,2025,0,Prime video,0,0,M 
Holy Night: Demon Hunters,2025,0,Not available for streaming,0,0,M 
Homebound,2025,0,No Information,0,0,M 
Honeymoon Crasher,2025,0,Netflix,0,0,M 
Hoshiar Singh,2025,0,Chaupal Amazon channel,0,bookmyshow (Cinema),M 
Housefull 5,2025,0,No Information,0,0,M 
How sweet,2025,0,Not available for streaming,0,0,M 
How to Disappear Completely,2025,0,Not available for streaming,0,0,M 
How to Make a Killing ,2025,0,Not available for streaming,0,0,M 
How to Train Your Dragon ,2025,0,No Information,0,0,M 
Hridayapoorvam,2025,0,No Information,0,0,M 
Humsaaz the Musical,2025,0,Not available for streaming,0,0,M 
Hungamaa.Com,2025,0,Not available for streaming,0,0,M 
Hurry Up Tomorrow,2025,0,Not available for streaming,0,0,M 
Häjyt 2,2025,0,Not available for streaming,0,0,M 
I Am Gitmo ,2025,0,plex,0,0,M 
I Am the End of the World,2025,0,Not available for streaming,0,0,M 
I Know What You Did Last Summer,2025,0,Not available for streaming,0,0,M 
I Love You Forever ,2025,0,Not available for streaming,0,0,M 
I'm Charlie Walker,2025,0,Not available for streaming,0,0,M 
I'm Not a Robot,2025,0,Not available for streaming,0,0,M 
Identity,2025,0,Zee5,0,0,M 
Idi Mazha Kattu,2025,0,Not available for streaming,0,0,M 
Idly Kadai ,2025,0,Not available for streaming,0,0,M 
iHostage,2025,0,Netflix,0,0,M 
Ikk Kudi,2025,0,No Information,0,0,M 
Ikkis,2025,0,Not available for streaming,0,0,M 
Iliza Shlesinger: A Different Animal,2025,0,Not available for streaming,0,0,M 
Illti,2025,0,Not available for streaming,0,0,M 
Ilu Ilu,2025,0,Not available for streaming,0,0,M 
Ilu Ilu 1998,2025,0,Not available for streaming,0,0,M 
Imagine Dragons: Live From The Hollywood Bowl (with the LA Film Orchestra),2025,0,Not available for streaming,0,0,M 
In Good Faith,2025,0,Not available for streaming,0,0,M 
In the Grey,2025,0,Not available for streaming,0,0,M 
In the Lost Lands,2025,0,Not available for streaming,0,0,M 
In Your Dreams,2025,0,No Information,0,0,M 
Inconfiscable,2025,0,GuideDoc,0,0,M 
Indian 3,2025,0,Not available for streaming,0,0,M 
Inheritance,2025,0,Not available for streaming,0,0,M 
Inn Galiyon Mein ,2025,0,Not available for streaming,0,0,M 
Institute of Pavtollogy,2025,0,Not available for streaming,0,0,M 
Into the Deep,2025,0,Not available for streaming,0,0,M 
Invincible Swordsman,2025,0,Not available for streaming,0,0,M 
It Feeds ,2025,0,Not available for streaming,0,0,M 
Jilabi,2025,0,Amazon Prime Video,0,0,M
Kaafir,2025,0,Zee5,0,0,M
Kadhalikka Neramillai,2025,0,Netflix,0,0,M
Katangari Goes to Town,2025,0,Amazon Prime Video,0,0,M
Katha Kamamishu,2025,0,Sun Nxt,0,aha,M
Kaushaljis vs Kaushal,2025,0,Jio Hotstar,0,0,M
Kill Tony: Kill or Be Killed,2025,0,Netflix,0,0,M
Kinda Pregnant,2025,0,Netflix,0,0,M
Kingdom 4: Return of the Great General,2025,0,Netflix,0,0,M
Kudumbasthan,2025,0,Zee5,0,0,M
Kuzhanthaigal Munnetra Kazhagam,2025,0,aha,0,0,M
La Dolce Villa,2025,0,Netflix,0,0,M
Laila,2025,0,Amazon Prime Video,0,0,M
Larissa: The Other Side of Anitta,2025,0,Netflix,0,0,M
Last Take: Rust and the Story of Halyna,2025,0,Jio Hotstar,0,0,M
Little Siberia,2025,0,Netflix,0,0,M
Liza Treyger: Night Owl,2025,0,Netflix,0,0,M
Logout,2025,0,Zee5,0,0,M
Love Forever,2025,0,Netflix,0,0,M
Loveyapa,2025,0,Jio Hotstar,0,0,M
Lucca's World,2025,0,Netflix,0,0,M
Machante Malakha,2025,0,Amazon Prime Video,0,0,M
Madraskaaran,2025,0,aha,0,0,M
Making The Leopard,2025,0,Netflix,0,0,M
Matsuko in Real Life,2025,0,Netflix,0,0,M
Mazaka,2025,0,Zee5,0,0,M
Meet the Khumalos,2025,0,Netflix,0,0,M
"Meet the Pickles: The Making of ""Win or Lose""",2025,0,Jio Hotstar,0,0,M
Mere Husband Ki Biwi,2025,0,Jio Hotstar,0,0,M
Miss Italia Mustn't Die,2025,0,Netflix,0,0,M
Mithya,2025,0,Amazon Prime Video,0,0,M
Mokshapatam,2025,0,aha,0,0,M
Mr. Housekeeping,2025,0,Amazon Prime Video,0,0,M
Mukkam Post Devach Ghar,2025,0,Amazon Prime Video,0,0,M
Murder Ballads: How to Make It in Rock 'n' Roll,2025,0,Apple Tv,0,0,M
Murmur,2025,0,Amazon Prime Video,0,0,M
Muse,2025,0,Mubi,0,0,M
My Fault: London,2025,0,Amazon Prime Video,0,0,M
Černák,2025,0,Amazon Prime Video,0,0,M 
Zora,2025,0,Amazon Prime Video,0,0,M 
Zootopia 2,2025,0,JioHotstar,0,0,M 
Zewel,2025,0,No Information,0,0,M 
Zapuk Zapuk,2025,0,No Information,0,0,M 
"You, Me & Her",2025,0,Not available for streaming,0,0,M 
You're Cordially Invited,2025,0,Amazon Prime Video,0,0,M 
You Are The Apple Of My Eye,2025,0,Not available for streaming,0,0,M 
Wolf Man,2025,0,Rent it on Apple Tv,0,0,M 
With You In The Future,2025,0,Amazon Prime Video,0,0,M 
"Yoasobi 5th AnniversaryDome Live 2024 ""Surrealisam""",2025,0,Not available for streaming,0,0,M 
Yamakaathaghi,2025,0,Not available for streaming,0,0,M 
Xtreme,2025,0,Not available for streaming,0,0,M 
WWE Royal Rumble 2025,2025,0,Not available for streaming,0,0,M 
WWE Elomination Chamber: Toronto,2025,0,Not available for streaming,0,0,M 
Wish You Were Here,2025,0,Not available for streaming,0,0,M 
Winter In Sokcho,2025,0,Not available for streaming,0,0,M 
William Tell,2025,0,Not available for streaming,0,0,M 
Wildwood,2025,0,Not available for streaming,0,0,M 
Wicked: For Good,2025,0,No Information,0,0,M 
Who Do I Belong To,2025,0,Not available for streaming,0,0,M 
White River,2025,0,Not available for streaming,0,0,M 
Whispers In The Dabbas,2025,0,Not available for streaming,0,0,M 
Where The Wind Comes Soon,2025,0,Not available for streaming,0,0,M 
When Mom Is Away With The In-Laws,2025,0,Not available for streaming,0,0,M 
What You Wish For,2025,0,Amazon Prime Video,0,0,M 
What We Wrote Together,2025,0,Not available for streaming,0,0,M 
Welcome To The Jungle,2025,0,Not available for streaming,0,0,M 
Warfare,2025,0,No Information,0,0,M 
War 2,2025,0,No Information,0,0,M 
Wanted 2,2025,0,No Information,0,0,M 
Wake Up Dead Man: A Knives Out Mystery ,2025,0,Netflix,0,0,M 
Vrushabha,2025,0,No Information,0,0,M 
Vitória,2025,0,Not available for streaming,0,0,M 
Vishwastha,2025,0,Not available for streaming,0,0,M 
Viramada Nantara,2025,0,Not available for streaming,0,0,M 
Video Shop Tales Of Terror II: Lust And Revenge,2025,0,Not available for streaming,0,0,M 
Vidaamuyarchi,2025,0,Netflix,0,0,M 
Victor 303,2025,0,Not available for streaming,0,0,M 
Vicious,2025,0,No Information,0,0,M 
Vibe,2025,0,No Information,0,0,M 
Vermiglio,2025,0,Not available for streaming,0,0,M 
Veera Dheera Sooran,2025,0,Not available for streaming,0,0,M 
Vasiliy,2025,0,Not available for streaming,0,0,M 
Vanished In Death Valley ,2025,0,Not available for streaming,0,0,M 
Vanangaan,2025,0,Amazon Prime Video,0,0,M 
Vampires Saga,2025,0,Not available for streaming,0,0,M 
Vallan,2025,0,Not available for streaming,0,0,M 
Valiant One,2025,0,Not available for streaming,0,0,M 
Vadakkan,2025,0,Not available for streaming,0,0,M 
Uranchu,2025,0,No Information,0,0,M 
Uppercut,2025,0,No Information,0,0,M 
Untitled Trey Parker / Matt Stone / Kendrick Lamar / Dave,2025,0,No Information,0,0,M 
Untitled Kathryn Bigelow Political Thriller,2025,0,Netflix,0,0,M 
Untitled Kartik Aaryan/Sreeleela Project,2025,0,No Information,0,0,M 
Untitled karan Johar/ Sandeep Modi Proj,2025,0,No Information,0,0,M 
Until Dawn,2025,0,No Information,0,0,M 
Unlock 7,2025,0,Not available for streaming,0,0,M 
United Kingdom Of Kerala,2025,0,No Information,0,0,M 
Undercover Party Crasher,2025,0,Amazon Prime Video,0,0,M 
Under The Crystal Sky,2025,0,Plex,0,0,M 
Under Ninja,2025,0,Not available for streaming,0,0,M 
Uncredited: The Story Of Passinho,2025,0,Netflix,0,0,M 
Unbreakable: The Jelena Dokic Story,2025,0,Not available for streaming,0,0,M 
Un Año Y Un Día,2025,0,Not available for streaming,0,0,M 
Umjolo: There Is No Cure,2025,0,Netflix,0,0,M 
"Umjolo: My Beginnings, My End!",2025,0,Netflix,0,0,M 
Umbarro,2025,0,No Information,0,0,M 
UFC Fight Night 250: Adesanya Vs. Imavov,2025,0,Not available for streaming,0,0,M 
UFC 312: Du Plessis Vs. Strickland 2,2025,0,Not available for streaming,0,0,M 
Tyler Perry's Madea's Destination Wedding,2025,0,Netflix,0,0,M 
Tyler Perry's Duplicity,2025,0,Amazon Prime Video,0,0,M 
Twinless,2025,0,Not available for streaming,0,0,M 
Tur Rehberi,2025,0,Not available for streaming,0,0,M 
Tumko Meri Kasam,2025,0,No Information,0,0,M 
Tuk Tuk,2025,0,No Information,0,0,M 
Tron: Ares,2025,0,No Information,0,0,M 
Trillion Game The Movie,2025,0,Not available for streaming,0,0,M 
Trauma ,2025,0,Not available for streaming,0,0,M 
Tout Le Bleu Du Ciel,2025,0,Not available for streaming,0,0,M 
Tokyo Nights,2025,0,Not available for streaming,0,0,M 
To A Land Unknown,2025,0,Not available for streaming,0,0,M 
Tina,2025,0,Not available for streaming,0,0,M 
Tiger's Pond,2025,0,Not available for streaming,0,0,M 
Thunderbolts*,2025,0,No Information,0,0,M 
Thunderbolt Fantasy: Touri-Ken Yuuki Saishuushou,2025,0,Not available for streaming,0,0,M 
Thug Life,2025,0,No Information,0,0,M 
Thou Shalt Kill,2025,0,Apple Tv,0,0,M 
Thomas Müller - One Of A Kind,2025,0,Amazon Prime Video,0,0,M 
The Wrong Track,2025,0,Netflix,0,0,M 
The Wrath Of God,2025,0,Not available for streaming,0,0,M 
The Woman In The Yard,2025,0,No Information,0,0,M 
The Woman In Cabin 10,2025,0,Netflix,0,0,M 
"The Wizard Of The Emerald City, Part 1",2025,0,Not available for streaming,0,0,M 
The Witcher: Sirens Of The Deep,2025,0,Netflix,0,0,M 
The Wedding Banquet,2025,0,No Information,0,0,M 
The Unbreakable Boy,2025,0,Not available for streaming,0,0,M 
The Ugly Stepsister,2025,0,Not available for streaming,0,0,M 
The Twister: Caught In The Storm,2025,0,Netflix,0,0,M 
The Toxic Avenger,2025,0,No Information,0,0,M 
The Three Investigators And The Carpathian Dog,2025,0,Not available for streaming,0,0,M 
The Terrace,2025,0,Not available for streaming,0,0,M 
The Surrender,2025,0,Not available for streaming,0,0,M 
The Surfer,2025,0,No Information,0,0,M 
The Strangers: Chapter 2,2025,0,No Information,0,0,M 
The Spongebob Movie: Search For Squarepants,2025,0,No Information,0,0,M 
The Siege At Thorn High,2025,0,Amazon Prime Video,0,0,M 
The Shrouds,2025,0,Not available for streaming,0,0,M 
The Sentence,2025,0,Not available for streaming,0,0,M 
The Running Man,2025,0,No Information,0,0,M 
The Rule Of Jenny Pen,2025,0,Not available for streaming,0,0,M 
The Rose Of Versailles,2025,0,Not available for streaming,0,0,M 
The Rapists Of Pepsi Paloma,2025,0,Not available for streaming,0,0,M 
The Raja Saab,2025,0,No Information,0,0,M 
The Rabbit House,2025,0,Not available for streaming,0,0,M 
The Proud Princess,2025,0,No Information,0,0,M 
The Propagandist,2025,0,No Information,0,0,M 
The Pet Detective,2025,0,No Information,0,0,M 
The Penguin Lessons,2025,0,No Information,0,0,M 
"The Passion Of The Christ: Resurrection, Part One",2025,0,No Information,0,0,M 
The Parenting,2025,0,JioHotstar,0,0,M 
The Old Guard 2,2025,0,Netflix,0,0,M 
The Naked Gun,2025,0,No Information,0,0,M 
The Most Precious Of Cargoes,2025,0,No Information,0,0,M 
The Most Beautiful Girl in the World,2025,0,Netflix,0,0,M 
The Monkey,2025,0,Not available for streaming,0,0,M 
The Mattachine Family,2025,0,No Information,0,0,M 
The Mandalorian and Grogu,2025,0,No Information,0,0,M 
The Malabar Tales,2025,0,ManoramaMax,0,ManoramaMAX Amazon Channel,M 
The Love Scam,2025,0,Netflix,0,0,M 
The Life of Chuck,2025,0,No Information,0,0,M 
The Life List,2025,0,Netflix,0,0,M 
The Legend of Ochi,2025,0,No Information,0,0,M 
The Last Supper,2025,0,Not available for streaming,0,0,M 
The Last Rodeo,2025,0,No Information,0,0,M 
The King of Kings,2025,0,No Information,0,0,M 
The Killer is Calling,2025,0,Not available for streaming,0,0,M 
The India Story,2025,0,No Information,0,0,M 
The Illusioned Ones,2025,0,Not available for streaming,0,0,M 
The Illusion,2025,0,Not available for streaming,0,0,M 
The Housemaid,2025,0,No Information,0,0,M 
The Gorge,2025,0,Apple Tv,0,0,M 
The Golden Apron,2025,0,Not available for streaming,0,0,M 
The Gardener,2025,0,Not available for streaming,0,0,M 
The Fantastic Four: First Steps,2025,0,No Information,0,0,M 
The Electric State,2025,0,Netflix,0,0,M 
The Dupatta Killer,2025,0,DocuBay Amazon Channel,0,0,M 
The Dog,2025,0,No Information,0,0,M 
The Diplomat,2025,0,No Information,0,0,M 
The Devil's Bride,2025,0,Not available for streaming,0,0,M 
The Demon's Bride,2025,0,Not available for streaming,0,0,M 
The Delhi Files,2025,0,No Information,0,0,M 
The Dead Thing,2025,0,Not available for streaming,0,0,M 
The Day Iceland Stood Still,2025,0,Not available for streaming,0,0,M 
The Damned,2025,0,Not available for streaming,0,0,M 
The Curse of the Clown Motel,2025,0,Not available for streaming,0,0,M 
The Conjuring: Last Rites,2025,0,No Information,0,0,M 
The Bride!,2025,0,No Information,0,0,M 
The Black Phone 2,2025,0,No Information,0,0,M 
The Ballad of Wallis Island,2025,0,No Information,0,0,M 
The Bhootnii,2025,0,No Information,0,0,M 
The Bad Guys 2,2025,0,No Information,0,0,M 
The Assessment,2025,0,Not available for streaming,0,0,M 
The American Backyard,2025,0,Not available for streaming,0,0,M 
The Alto Knights,2025,0,Not available for streaming,0,0,M 
The Amateur,2025,0,No Information,0,0,M 
The Accountant 2,2025,0,No Information,0,0,M 
The 67th Annual Grammy Awards,2025,0,Not available for streaming,0,0,M 
The 31st Annual Screen Actors Guild Awards,2025,0,Netflix,0,0,M 
Tharunam,2025,0,Not available for streaming,0,0,M 
Thandel,2025,0,Netflix,0,0,M 
Thama,2025,0,No Information,0,0,M 
Thalli Manasu,2025,0,No Information,0,0,M 
Tez Raftaaar,2025,0,No Information,0,0,M 
Test,2025,0,No Information,0,0,M 
Tete ve Masal: Rüyalar Diyari,2025,0,Not available for streaming,0,0,M 
Terror Comes Knocking: The Marcela Borges Story,2025,0,Not available for streaming,0,0,M 
Tempted,2025,0,Not available for streaming,0,0,M 
Temel: Sümela'nin Sifresi Yeniden,2025,0,Not available for streaming,0,0,M 
Tehran,2025,0,Not available for streaming,0,0,M 
Tamang Panahon,2025,0,Netflix,0,0,M 
Takita Tadimi Tandana,2025,0,Not available for streaming,0,0,M 
Taaro Thayo,2025,0,Not available for streaming,0,0,M 
Sweetheart!,2025,0,Not available for streaming,0,0,M 
Sweet Heart,2025,0,Not available for streaming,0,0,M 
Taalismaan,2025,0,Not available for streaming,0,0,M 
Sweet Dreams,2025,0,Not available for streaming,0,0,M 
Suswagatam Khushamadeed,2025,0,No Information,0,0,M 
Susheela - Sujeet,2025,0,No Information,0,0,M 
Surrealistic Nightmares: An In-depth Look at Walloon Horror Cinema,2025,0,No Information,0,0,M 
Superman,2025,0,No Information,0,0,M 
Supergirl: Woman of Tomorrow,2025,0,No Information,0,0,M 
Superboys of Malegaon,2025,0,No Information,0,0,M 
Sunny Sanskari Ki Tulsi Kumari,2025,0,No Information,0,0,M 
Sundarakanda,2025,0,Not available for streaming,0,0,M 
Sumathi Valavu,2025,0,No Information,0,0,M 
Suky,2025,0,Amazon Prime Video,0,0,M 
Sukkwan Island,2025,0,No Information,0,0,M 
Street Trash,2025,0,Not available for streaming,0,0,M 
Star Trek: Section 31,2025,0,Amazon Prime Video,0,0,M 
Squad 36,2025,0,Netflix,0,0,M 
Sponsor,2025,0,Not available for streaming,0,0,M 
Spit,2025,0,Not available for streaming,0,0,M 
Spermageddon,2025,0,Not available for streaming,0,0,M 
Southern Chronicles,2025,0,Not available for streaming,0,0,M 
SOULM8TE,2025,0,No Information,0,0,M 
Sosyal Climbers,2025,0,Netflix,0,0,M 
Sons of Ecstasy,2025,0,JioHotstar,0,0,M 
Son of Sardaar 2,2025,0,No Information,0,0,M 
Somnium,2025,0,Not available for streaming,0,0,M 
Snow White,2025,0,Not available for streaming,0,0,M 
Sniper: The Last Stand,2025,0,Rent on Apple Tv,0,"Rent it on Google Play Movies, YouTube, Zee5, Amazon Video",M 
Smurfs,2025,0,No Information,0,0,M 
Smile as You Kill,2025,0,Not available for streaming,0,0,M 
SLY LIVES! (aka The Burden of Black Genius),2025,0,JioHotstar,0,0,M 
Slaraffenland,2025,0,Not available for streaming,0,0,M 
Sky Force,2025,0,Amazon Prime Video,0,Rent on Amazon Video,M 
Ski,2025,0,Not available for streaming,0,0,M 
SK8 the Infinity EXTRA PART,2025,0,Not available for streaming,0,0,M 
SIX The Musical Live!,2025,0,No Information,0,0,M 
Six Each,2025,0,No Information,0,0,M 
Sitaare Zameen Par,2025,0,Not available for streaming,0,0,M 
"Sisterhood, Inc.",2025,0,Not available for streaming,0,0,M 
Sister Midnight,2025,0,Not available for streaming,0,0,M 
Sinners,2025,0,No Information,0,0,M 
Silent Bite,2025,0,Not available for streaming,0,0,M 
Sikandar,2025,0,Not available for streaming,0,0,M 
Sidlingu 2,2025,0,Not available for streaming,0,0,M 
Shuffle of Love: A Descendants Short Story,2025,0,Not available for streaming,0,0,M 
Shreeman v/s Shreemati,2025,0,No Information,0,0,M 
Shraap 3D,2025,0,No Information,0,0,M 
Shotyi Bole Shotyi Kichhu Nei,2025,0,Not available for streaming,0,0,M 
Shootout at Byculla,2025,0,No Information,0,0,M 
Shaunki Sardar,2025,0,No Information,0,0,M 
Shastra,2025,0,No Information,0,0,M 
Shanmukha,2025,0,No Information,0,0,M 
Shadowbox,2025,0,Not available for streaming,0,0,M 
Shabab El bomb 2,2025,0,No Information,0,0,M 
Shabaash Baddi Magane,2025,0,Not available for streaming,0,0,M 
Seven Veils,2025,0,Not available for streaming,0,0,M 
September 5,2025,0,Rent on Amazon Video,0,Rent/Buy on Apple Tv,M 
Senpai wa Otokonoko Movie: Ame Nochi Hare,2025,0,Not available for streaming,0,0,M 
See Saw,2025,0,Not available for streaming,0,0,M 
Secret: Untold Melody,2025,0,Not available for streaming,0,0,M 
Screamboat,2025,0,No Information,0,0,M 
Scissors,2025,0,Tubi Tv,0,0,M 
Scary Movie 6,2025,0,No Information,0,0,M 
Scarecrow,2025,0,Not available for streaming,0,0,M 
Saw XI,2025,0,No Information,0,0,M 
Saunkan Saunkanay 2,2025,0,No Information,0,0,M 
Sauda Khara Khara,2025,0,Chaupal Amazon Channel,0,0,M 
Saturday Night's Main Event XXXVIII,2025,0,Not available for streaming,0,0,M 
Sarkari Baccha,2025,0,Not available for streaming,0,0,M 
Sardaar Ji 3,2025,0,No Information,0,0,M 
Sarbala Ji,2025,0,No Information,0,0,M 
Sarangapani Jathakam,2025,0,No Information,0,0,M 
Sant Dnyaneshwaranchi Muktaai,2025,0,No Information,0,0,M 
Sankrathiki Vasthunam,2025,0,Zee5,0,0,M 
Sanki,2025,0,Not available for streaming,0,0,M 
Sangeet Manapmaan,2025,0,Not available for streaming,0,0,M 
Sangee,2025,0,Not available for streaming,0,0,M 
Sampung Utos Kay Josh,2025,0,Not available for streaming,0,0,M 
Sambarla Yeti Gattu,2025,0,No Information,0,0,M 
Salaar: Part 2 - Shouryaanga Parvam,2025,0,not available for streaming,0,0,M 
Sabdham,2025,0,No Information,0,0,M 
Saaree,2025,0,No Information,0,0,M 
Saale Aashiq,2025,0,Not available for streaming,0,0,M 
Saako 363,2025,0,Not available for streaming,0,0,M 
Sa La Te Sa La Na Te,2025,0,Not available for streaming,0,0,M 
Run Bhola Run,2025,0,No Information,0,0,M 
Rule Breakers,2025,0,Not available for streaming,0,0,M 
Rudra Garuda Purana,2025,0,Not available for streaming,0,0,M 
Royal,2025,0,Amazon Prime Video,0,0,M 
Roy Wood Jr.: Lonely Flowers,2025,0,JioHotstar,0,0,M 
Rosebud Baker: The Mother Lode,2025,0,Netflix,0,0,M 
Rosario,2025,0,No Information,0,0,M 
Romance,2025,0,Not available for streaming,0,0,M 
Robinhood,2025,0,Not available for streaming,0,0,M 
Riwaj,2025,0,Zee5,0,0,M 
RIP,2025,0,Netflix,0,0,M 
Riff Raff,2025,0,No Information,0,0,M 
Revelations,2025,0,Netflix,0,0,M 
Return to Silent Hill,2025,0,Not available for streaming,0,0,M 
Rekhachithram,2025,0,Sony Liv,0,Aha,M 
Red Flower,2025,0,No Information,0,0,M 
Rebel with a Bow Tie,2025,0,Not available for streaming,0,0,M 
Reality+,2025,0,MUBI,0,MUBI Amazon Channel,M 
Ramam Raghavam,2025,0,Sun Nxt,0,0,M 
Rakshasi Ladykiller,2025,0,Not available for streaming,0,0,M 
Rakkayie,2025,0,No Information,0,0,M 
RD,2025,0,Not available for streaming,0,0,M 
Randaam Yaamam,2025,0,Not available for streaming,0,0,M 
Raju Gari Dongalu,2025,0,No Information,0,0,M 
Rajabheema,2025,0,Not available for streaming,0,0,M 
Raid 2,2025,0,No Information,0,0,M 
Raghu Dakat,2025,0,No Information,0,0,M 
Rachel,2025,0,Not available for streaming,0,0,M 
Racharikam,2025,0,Lionsgate Play,0,0,M 
Rabbit Trap,2025,0,Not available for streaming,0,0,M 
Raakshasa,2025,0,No Information,0,0,M 
Queen of the Ring,2025,0,Not available for streaming,0,0,M 
Quarantine,2025,0,Not available for streaming,0,0,M 
Pyar Mei Qurban,2025,0,Not available for streaming,0,0,M 
Putin,2025,0,Not available for streaming,0,0,M 
Promised Hearts,2025,0,Netflix,0,0,M 
Prime Minister,2025,0,Not available for streaming,0,0,M 
Presence,2025,0,Not available for streaming,0,0,M 
Predator: Badlands,2025,0,No Information,0,0,M 
Pravinkoodu Shappu,2025,0,Not available for streaming,0,0,M 
Pratyartha,2025,0,No Information,0,0,M 
Portraits,2025,0,Not available for streaming,0,0,M 
Porichoy Gupta,2025,0,Not available for streaming,0,0,M 
Ponman,2025,0,JioHotstar,0,0,M 
Plankton: The Movie,2025,0,Netflix,0,0,M 
Plainclothes,2025,0,Not available for streaming,0,0,M 
Pintu Ki Pappi,2025,0,Not available for streaming,0,0,M 
Picture This,2025,0,Amazon Prime Video,0,0,M 
Phule,2025,0,No Information,0,0,M 
Phaphey Kuttniyan,2025,0,No Information,0,0,M 
Peter Pan's Neverland Nightmare,2025,0,Not available for streaming,0,0,M 
Perusu,2025,0,Not available for streaming,0,0,M 
Pei Kottu,2025,0,No Information,0,0,M 
Prison,2025,0,Not available for streaming,0,0,M 
Patsers,2025,0,Not available for streaming,0,0,M 
Pataligunjer Putul Khela,2025,0,Not available for streaming,0,0,M 
Parvat,2025,0,Not available for streaming,0,0,M 
Paru Parvathy,2025,0,Not available for streaming,0,0,M 
Parents' School Meeting,2025,0,Not available for streaming,0,0,M 
Parannu Parannu Parannu Chellan,2025,0,Not available for streaming,0,0,M 
Param Sundari,2025,0,Not available for streaming,0,0,M 
Par amour,2025,0,Not available for streaming,0,0,M 
Papa,2025,0,Not available for streaming,0,0,M 
Panjab '95,2025,0,Not available for streaming,0,0,M 
Pangolin: Kulu's Journey,2025,0,No Information,0,0,M 
Painkili,2025,0,No Information,0,0,M 
Padakkalam,2025,0,No Information,0,0,M 
Ouseppinte Osiyathu,2025,0,No Information,0,0,M 
Otha Votu Muthaiya,2025,0,Not available for streaming,0,0,M 
Out of Control,2025,0,Not available for streaming,0,0,M 
Osey Arundhathi,2025,0,No Information,0,0,M 
Orumbettavan,2025,0,ManoramaMax,0,ManoramaMax Amazon Channel,M 
Oru Jaathi Jaathakam,2025,0,No Information,0,0,M 
Opus,2025,0,Not available for streaming,0,0,M 
Operation Hadal,2025,0,Not available for streaming,0,0,M 
Only On Earth,2025,0,Not available for streaming,0,0,M 
Online Selling,2025,0,Not available for streaming,0,0,M 
One of Them Days,2025,0,Not available for streaming,0,0,M 
One Battle After Another,2025,0,Not available for streaming,0,0,M 
One 2 One,2025,0,Not available for streaming,0,0,M 
Once Upon a Time in Calcutta,2025,0,Not available for streaming,0,0,M 
Once More,2025,0,Not available for streaming,0,0,M 
On Swift Horses,2025,0,No Information,0,0,M 
On a Baking Sheet,2025,0,Not available for streaming,0,0,M 
Omor Shongi,2025,0,Not available for streaming,0,0,M 
Olavina Payana,2025,0,No Information,0,0,M 
Oka Pathakam Prakaaram,2025,0,Not available for streaming,0,0,M 
"Oh, Hi!",2025,0,Not available for streaming,0,0,M 
Oficina do Diabo,2025,0,Not available for streaming,0,0,M 
Omlo,2025,0,Not available for streaming,0,0,M 
Officer on Duty,2025,0,Netflix,0,0,M 
Odela2,2025,0,No Information,0,0,M 
OBEX,2025,0,Not available for streaming,0,0,M 
O'Dessa,2025,0,JioHotstar,0,0,M 
NTRNeel,2025,0,No Information,0,0,M 
Now You See Me 3,2025,0,No Information,0,0,M 
Novocaine,2025,0,No Information,0,0,M 
Northspur,2025,0,Not available for streaming,0,0,M 
Nonnas,2025,0,Netflix,0,0,M 
Nodidavaru Enanthare,2025,0,Amazon Prime Video,0,0,M 
Noah's Ark,2025,0,Amazon Prime Video,0,0,M 
No Entry 2,2025,0,No Information,0,0,M 
NKR21,2025,0,Not available for streaming,0,0,M 
Niram Marum Ulagil,2025,0,Not available for streaming,0,0,M 
Nimma Vasthugalige Neeve Javaabdaararu,2025,0,Not available for streaming,0,0,M 
Nimesh Patel: Instant Karma,2025,0,Netflix,0,0,M 
Nilavuku En Mel Ennadi Kobam,2025,0,Amazon Prime Video,0,Rent on Amazon Video,M 
Nikka Zaildar 4,2025,0,Not available for streaming,0,0,M 
Nikita Roy and the Book of Darkness,2025,0,Not available for streaming,0,0,M 
Night of the Zoopocalypse,2025,0,Not available for streaming,0,0,M 
Nidurinchu jahapana,2025,0,Not available for streaming,0,0,M 
Nh 99,2025,0,Not available for streaming,0,0,M 
Nesippaya,2025,0,Not available for streaming,0,0,M 
Neet Generation,2025,0,Not available for streaming,0,0,M 
Neeli Megha Shyama,2025,0,Not available for streaming,0,0,M 
Neel Shukh,2025,0,Not available for streaming,0,0,M 
Nearing Death,2025,0,No Information,0,0,M 
Ne Zha 2,2025,0,No Information,0,0,M 
Narayaneente Moonnaanmakkal,2025,0,Amazon Prime Video,0,0,M 
Name the Demon,2025,0,Tubi Tv,0,0,M 
Nakhrewaalii,2025,0,Not available for streaming,0,0,M 
Nadada,2025,0,No Information,0,0,M 
Nadaaniyan,2025,0,Netflix,0,0,M 
Naari: The Women,2025,0,Not available for streaming,0,0,M 
